{"-1.545699%2C47.205816%7C-1.513937%2C47.232299":917,"-1.545009%2C47.191853%7C-1.52305%2C47.248851":1558,"-1.58457%2C47.225645%7C-1.555076%2C47.217102":619,"-1.513937%2C47.232299%7C-1.555076%2C47.217102":806,"-1.58457%2C47.225645%7C-1.513937%2C47.232299":1133,"-1.513937%2C47.232299%7C-1.545699%2C47.205816":945,"-1.545699%2C47.205816%7C-1.58457%2C47.225645":944,"-1.513937%2C47.232299%7C-1.545009%2C47.191853":1268,"-1.545699%2C47.205816%7C-1.545009%2C47.191853":417,"-1.513937%2C47.232299%7C-1.52305%2C47.248851":617,"-1.58457%2C47.225645%7C-1.545699%2C47.205816":892,"-1.58457%2C47.225645%7C-1.52305%2C47.248851":1235,"-1.545699%2C47.205816%7C-1.555076%2C47.217102":390,"-1.52305%2C47.248851%7C-1.555076%2C47.217102":888,"-1.52305%2C47.248851%7C-1.545009%2C47.191853":1447,"-1.555076%2C47.217102%7C-1.545699%2C47.205816":406,"-1.545009%2C47.191853%7C-1.555076%2C47.217102":688,"-1.555076%2C47.217102%7C-1.513937%2C47.232299":742,"-1.58457%2C47.225645%7C-1.545009%2C47.191853":1187,"-1.513937%2C47.232299%7C-1.58457%2C47.225645":1371,"-1.555076%2C47.217102%7C-1.58457%2C47.225645":672,"-1.555076%2C47.217102%7C-1.52305%2C47.248851":969,"-1.545009%2C47.191853%7C-1.58457%2C47.225645":1198,"-1.52305%2C47.248851%7C-1.513937%2C47.232299":470,"-1.545699%2C47.205816%7C-1.52305%2C47.248851":1315,"-1.545009%2C47.191853%7C-1.513937%2C47.232299":1160,"-1.545009%2C47.191853%7C-1.545699%2C47.205816":415,"-1.52305%2C47.248851%7C-1.58457%2C47.225645":1306,"-1.52305%2C47.248851%7C-1.545699%2C47.205816":1147,"-1.555076%2C47.217102%7C-1.545009%2C47.191853":702,"-1.545699%2C47.205816%7C-1.553621000000021%2C47.218371":426,"-1.555076%2C47.217102%7C-1.553621000000021%2C47.218371":46,"-1.553621000000021%2C47.218371%7C-1.545699%2C47.205816":425,"-1.553621000000021%2C47.218371%7C-1.555076%2C47.217102":44,"-1.5677333999999519%2C47.20591220000001%7C-1.5773699999999735%2C47.2016264":469,"-1.5677333999999519%2C47.20591220000001%7C-1.5663498000000118%2C47.2065673":172,"-1.5677333999999519%2C47.20591220000001%7C-1.5947291999999607%2C47.1976414":817,"-1.5677333999999519%2C47.20591220000001%7C-1.538202100000035%2C47.2196849":708,"-1.5677333999999519%2C47.20591220000001%7C-1.555076%2C47.217102":466,"-1.5677333999999519%2C47.20591220000001%7C-1.5334302999999636%2C47.20688149999999":609,"-1.5773699999999735%2C47.2016264%7C-1.5677333999999519%2C47.20591220000001":420,"-1.5773699999999735%2C47.2016264%7C-1.5663498000000118%2C47.2065673":468,"-1.5773699999999735%2C47.2016264%7C-1.5947291999999607%2C47.1976414":374,"-1.5773699999999735%2C47.2016264%7C-1.538202100000035%2C47.2196849":905,"-1.5773699999999735%2C47.2016264%7C-1.555076%2C47.217102":601,"-1.5773699999999735%2C47.2016264%7C-1.5334302999999636%2C47.20688149999999":809,"-1.5663498000000118%2C47.2065673%7C-1.5677333999999519%2C47.20591220000001":240,"-1.5663498000000118%2C47.2065673%7C-1.5773699999999735%2C47.2016264":485,"-1.5663498000000118%2C47.2065673%7C-1.5947291999999607%2C47.1976414":833,"-1.5663498000000118%2C47.2065673%7C-1.538202100000035%2C47.2196849":740,"-1.5663498000000118%2C47.2065673%7C-1.555076%2C47.217102":497,"-1.5663498000000118%2C47.2065673%7C-1.5334302999999636%2C47.20688149999999":644,"-1.5947291999999607%2C47.1976414%7C-1.5677333999999519%2C47.20591220000001":861,"-1.5947291999999607%2C47.1976414%7C-1.5773699999999735%2C47.2016264":421,"-1.5947291999999607%2C47.1976414%7C-1.5663498000000118%2C47.2065673":909,"-1.5947291999999607%2C47.1976414%7C-1.538202100000035%2C47.2196849":1346,"-1.5947291999999607%2C47.1976414%7C-1.555076%2C47.217102":1042,"-1.5947291999999607%2C47.1976414%7C-1.5334302999999636%2C47.20688149999999":1250,"-1.538202100000035%2C47.2196849%7C-1.5677333999999519%2C47.20591220000001":675,"-1.538202100000035%2C47.2196849%7C-1.5773699999999735%2C47.2016264":858,"-1.538202100000035%2C47.2196849%7C-1.5663498000000118%2C47.2065673":740,"-1.538202100000035%2C47.2196849%7C-1.5947291999999607%2C47.1976414":1206,"-1.538202100000035%2C47.2196849%7C-1.555076%2C47.217102":354,"-1.538202100000035%2C47.2196849%7C-1.5334302999999636%2C47.20688149999999":414,"-1.555076%2C47.217102%7C-1.5677333999999519%2C47.20591220000001":534,"-1.555076%2C47.217102%7C-1.5773699999999735%2C47.2016264":717,"-1.555076%2C47.217102%7C-1.5663498000000118%2C47.2065673":599,"-1.555076%2C47.217102%7C-1.5947291999999607%2C47.1976414":1065,"-1.555076%2C47.217102%7C-1.538202100000035%2C47.2196849":296,"-1.555076%2C47.217102%7C-1.5334302999999636%2C47.20688149999999":569,"-1.5334302999999636%2C47.20688149999999%7C-1.5677333999999519%2C47.20591220000001":619,"-1.5334302999999636%2C47.20688149999999%7C-1.5773699999999735%2C47.2016264":903,"-1.5334302999999636%2C47.20688149999999%7C-1.5663498000000118%2C47.2065673":734,"-1.5334302999999636%2C47.20688149999999%7C-1.5947291999999607%2C47.1976414":1251,"-1.5334302999999636%2C47.20688149999999%7C-1.538202100000035%2C47.2196849":436,"-1.5334302999999636%2C47.20688149999999%7C-1.555076%2C47.217102":575,"-1.568839%2C47.206279%7C-1.577545%2C47.201637":556,"-1.568839%2C47.206279%7C-1.565723%2C47.206623":142,"-1.568839%2C47.206279%7C-1.594598%2C47.197235":926,"-1.568839%2C47.206279%7C-1.538194%2C47.219669":802,"-1.568839%2C47.206279%7C-1.555076%2C47.217102":560,"-1.568839%2C47.206279%7C-1.533319%2C47.207327":738,"-1.577545%2C47.201637%7C-1.568839%2C47.206279":486,"-1.577545%2C47.201637%7C-1.565723%2C47.206623":328,"-1.577545%2C47.201637%7C-1.594598%2C47.197235":378,"-1.577545%2C47.201637%7C-1.538194%2C47.219669":899,"-1.577545%2C47.201637%7C-1.555076%2C47.217102":595,"-1.577545%2C47.201637%7C-1.533319%2C47.207327":838,"-1.565723%2C47.206623%7C-1.568839%2C47.206279":157,"-1.565723%2C47.206623%7C-1.577545%2C47.201637":408,"-1.565723%2C47.206623%7C-1.594598%2C47.197235":778,"-1.565723%2C47.206623%7C-1.538194%2C47.219669":679,"-1.565723%2C47.206623%7C-1.555076%2C47.217102":437,"-1.565723%2C47.206623%7C-1.533319%2C47.207327":615,"-1.594598%2C47.197235%7C-1.568839%2C47.206279":949,"-1.594598%2C47.197235%7C-1.577545%2C47.201637":430,"-1.594598%2C47.197235%7C-1.565723%2C47.206623":792,"-1.594598%2C47.197235%7C-1.538194%2C47.219669":1363,"-1.594598%2C47.197235%7C-1.555076%2C47.217102":1058,"-1.594598%2C47.197235%7C-1.533319%2C47.207327":1302,"-1.538194%2C47.219669%7C-1.568839%2C47.206279":747,"-1.538194%2C47.219669%7C-1.577545%2C47.201637":852,"-1.538194%2C47.219669%7C-1.565723%2C47.206623":608,"-1.538194%2C47.219669%7C-1.594598%2C47.197235":1222,"-1.538194%2C47.219669%7C-1.555076%2C47.217102":354,"-1.538194%2C47.219669%7C-1.533319%2C47.207327":434,"-1.555076%2C47.217102%7C-1.568839%2C47.206279":606,"-1.555076%2C47.217102%7C-1.577545%2C47.201637":711,"-1.555076%2C47.217102%7C-1.565723%2C47.206623":467,"-1.555076%2C47.217102%7C-1.594598%2C47.197235":1081,"-1.555076%2C47.217102%7C-1.538194%2C47.219669":296,"-1.555076%2C47.217102%7C-1.533319%2C47.207327":604,"-1.533319%2C47.207327%7C-1.568839%2C47.206279":725,"-1.533319%2C47.207327%7C-1.577545%2C47.201637":931,"-1.533319%2C47.207327%7C-1.565723%2C47.206623":586,"-1.533319%2C47.207327%7C-1.594598%2C47.197235":1301,"-1.533319%2C47.207327%7C-1.538194%2C47.219669":465,"-1.533319%2C47.207327%7C-1.555076%2C47.217102":609}